{
	"0": {
		"precision": 0.9278779472954231,
		"recall": 0.7005235602094241,
		"f1-score": 0.7983293556085919,
		"support": 955.0
	},
	"1": {
		"precision": 0.546031746031746,
		"recall": 0.8686868686868687,
		"f1-score": 0.6705653021442495,
		"support": 396.0
	},
	"accuracy": 0.7498149518874907,
	"macro avg": {
		"precision": 0.7369548466635845,
		"recall": 0.7846052144481463,
		"f1-score": 0.7344473288764206,
		"support": 1351.0
	},
	"weighted avg": {
		"precision": 0.8159526358961513,
		"recall": 0.7498149518874907,
		"f1-score": 0.7608796404554611,
		"support": 1351.0
	}
}