{
	"0": {
		"precision": 0.9331514324693042,
		"recall": 0.7117585848074922,
		"f1-score": 0.807556080283353,
		"support": 961.0
	},
	"1": {
		"precision": 0.551779935275081,
		"recall": 0.8743589743589744,
		"f1-score": 0.6765873015873016,
		"support": 390.0
	},
	"accuracy": 0.7586972612879349,
	"macro avg": {
		"precision": 0.7424656838721926,
		"recall": 0.7930587795832333,
		"f1-score": 0.7420716909353273,
		"support": 1351.0
	},
	"weighted avg": {
		"precision": 0.8230589943451391,
		"recall": 0.7586972612879349,
		"f1-score": 0.7697486608226127,
		"support": 1351.0
	}
}