{
	"0": {
		"precision": 0.8605371900826446,
		"recall": 0.8668054110301769,
		"f1-score": 0.8636599274235355,
		"support": 961.0
	},
	"1": {
		"precision": 0.6657963446475196,
		"recall": 0.6538461538461539,
		"f1-score": 0.6597671410090556,
		"support": 390.0
	},
	"accuracy": 0.8053293856402665,
	"macro avg": {
		"precision": 0.7631667673650822,
		"recall": 0.7603257824381654,
		"f1-score": 0.7617135342162955,
		"support": 1351.0
	},
	"weighted avg": {
		"precision": 0.8043203657157321,
		"recall": 0.8053293856402665,
		"f1-score": 0.804801165986343,
		"support": 1351.0
	}
}