{
	"0": {
		"precision": 0.9093264248704663,
		"recall": 0.7350785340314137,
		"f1-score": 0.8129704690214244,
		"support": 955.0
	},
	"1": {
		"precision": 0.5630397236614854,
		"recall": 0.8232323232323232,
		"f1-score": 0.6687179487179488,
		"support": 396.0
	},
	"accuracy": 0.7609178386380459,
	"macro avg": {
		"precision": 0.7361830742659758,
		"recall": 0.7791554286318685,
		"f1-score": 0.7408442088696866,
		"support": 1351.0
	},
	"weighted avg": {
		"precision": 0.807824179364355,
		"recall": 0.7609178386380459,
		"f1-score": 0.7706877169561569,
		"support": 1351.0
	}
}