{
	"0": {
		"precision": 0.8594080338266384,
		"recall": 0.8513089005235602,
		"f1-score": 0.855339295107838,
		"support": 955.0
	},
	"1": {
		"precision": 0.6493827160493827,
		"recall": 0.6641414141414141,
		"f1-score": 0.6566791510611736,
		"support": 396.0
	},
	"accuracy": 0.7964470762398224,
	"macro avg": {
		"precision": 0.7543953749380106,
		"recall": 0.7577251573324872,
		"f1-score": 0.7560092230845058,
		"support": 1351.0
	},
	"weighted avg": {
		"precision": 0.7978462086306405,
		"recall": 0.7964470762398224,
		"f1-score": 0.7971087865641822,
		"support": 1351.0
	}
}