{
	"0": {
		"precision": 0.9350828729281768,
		"recall": 0.7089005235602094,
		"f1-score": 0.806432400238237,
		"support": 955.0
	},
	"1": {
		"precision": 0.5566188197767146,
		"recall": 0.8813131313131313,
		"f1-score": 0.6823069403714564,
		"support": 396.0
	},
	"accuracy": 0.7594374537379719,
	"macro avg": {
		"precision": 0.7458508463524457,
		"recall": 0.7951068274366704,
		"f1-score": 0.7443696703048468,
		"support": 1351.0
	},
	"weighted avg": {
		"precision": 0.8241489239659422,
		"recall": 0.7594374537379719,
		"f1-score": 0.770049215850935,
		"support": 1351.0
	}
}