{
	"0": {
		"precision": 0.9156171284634761,
		"recall": 0.7612565445026178,
		"f1-score": 0.8313321898227558,
		"support": 955.0
	},
	"1": {
		"precision": 0.5906642728904847,
		"recall": 0.8308080808080808,
		"f1-score": 0.6904512067156349,
		"support": 396.0
	},
	"accuracy": 0.7816432272390822,
	"macro avg": {
		"precision": 0.7531407006769804,
		"recall": 0.7960323126553492,
		"f1-score": 0.7608916982691953,
		"support": 1351.0
	},
	"weighted avg": {
		"precision": 0.8203681789394904,
		"recall": 0.7816432272390822,
		"f1-score": 0.7900376899630815,
		"support": 1351.0
	}
}