{
	"0": {
		"precision": 0.8681672025723473,
		"recall": 0.8481675392670157,
		"f1-score": 0.8580508474576272,
		"support": 955.0
	},
	"1": {
		"precision": 0.65311004784689,
		"recall": 0.6893939393939394,
		"f1-score": 0.6707616707616708,
		"support": 396.0
	},
	"accuracy": 0.8016284233900814,
	"macro avg": {
		"precision": 0.7606386252096187,
		"recall": 0.7687807393304775,
		"f1-score": 0.764406259109649,
		"support": 1351.0
	},
	"weighted avg": {
		"precision": 0.8051304643996744,
		"recall": 0.8016284233900814,
		"f1-score": 0.8031533537702855,
		"support": 1351.0
	}
}