{
	"0": {
		"precision": 0.9176029962546817,
		"recall": 0.7648283038501561,
		"f1-score": 0.8342792281498297,
		"support": 961.0
	},
	"1": {
		"precision": 0.5890909090909091,
		"recall": 0.8307692307692308,
		"f1-score": 0.6893617021276596,
		"support": 390.0
	},
	"accuracy": 0.7838638045891931,
	"macro avg": {
		"precision": 0.7533469526727954,
		"recall": 0.7977987673096935,
		"f1-score": 0.7618204651387446,
		"support": 1351.0
	},
	"weighted avg": {
		"precision": 0.8227697512555172,
		"recall": 0.7838638045891931,
		"f1-score": 0.7924451532803654,
		"support": 1351.0
	}
}