{
	"0": {
		"precision": 0.9676258992805755,
		"recall": 0.8397502601456815,
		"f1-score": 0.8991643454038997,
		"support": 961.0
	},
	"1": {
		"precision": 0.7021276595744681,
		"recall": 0.9307692307692308,
		"f1-score": 0.8004410143329658,
		"support": 390.0
	},
	"accuracy": 0.8660251665433013,
	"macro avg": {
		"precision": 0.8348767794275218,
		"recall": 0.8852597454574562,
		"f1-score": 0.8498026798684327,
		"support": 1351.0
	},
	"weighted avg": {
		"precision": 0.8909831801944306,
		"recall": 0.8660251665433013,
		"f1-score": 0.8706653823264281,
		"support": 1351.0
	}
}