{
	"0": {
		"precision": 0.9415011037527594,
		"recall": 0.8931937172774869,
		"f1-score": 0.9167114454594304,
		"support": 955.0
	},
	"1": {
		"precision": 0.7707865168539326,
		"recall": 0.8661616161616161,
		"f1-score": 0.8156956004756243,
		"support": 396.0
	},
	"accuracy": 0.8852701702442635,
	"macro avg": {
		"precision": 0.8561438103033461,
		"recall": 0.8796776667195515,
		"f1-score": 0.8662035229675273,
		"support": 1351.0
	},
	"weighted avg": {
		"precision": 0.8914618910126146,
		"recall": 0.8852701702442635,
		"f1-score": 0.8871020638061461,
		"support": 1351.0
	},
	"ROC-AUC": 0.9437516526521761
}