{
	"0": {
		"precision": 0.9552599758162031,
		"recall": 0.8272251308900523,
		"f1-score": 0.8866442199775533,
		"support": 955.0
	},
	"1": {
		"precision": 0.6851145038167938,
		"recall": 0.9065656565656566,
		"f1-score": 0.7804347826086957,
		"support": 396.0
	},
	"accuracy": 0.850481125092524,
	"macro avg": {
		"precision": 0.8201872398164984,
		"recall": 0.8668953937278545,
		"f1-score": 0.8335395012931245,
		"support": 1351.0
	},
	"weighted avg": {
		"precision": 0.8760759588570869,
		"recall": 0.850481125092524,
		"f1-score": 0.8555125122069629,
		"support": 1351.0
	}
}