{
	"0": {
		"precision": 0.9675405742821473,
		"recall": 0.8064516129032258,
		"f1-score": 0.8796821793416572,
		"support": 961.0
	},
	"1": {
		"precision": 0.6618181818181819,
		"recall": 0.9333333333333333,
		"f1-score": 0.774468085106383,
		"support": 390.0
	},
	"accuracy": 0.8430792005921539,
	"macro avg": {
		"precision": 0.8146793780501647,
		"recall": 0.8698924731182796,
		"f1-score": 0.8270751322240201,
		"support": 1351.0
	},
	"weighted avg": {
		"precision": 0.8792861456656066,
		"recall": 0.8430792005921539,
		"f1-score": 0.8493094948473885,
		"support": 1351.0
	}
}