{
	"0": {
		"precision": 0.9515151515151515,
		"recall": 0.8219895287958116,
		"f1-score": 0.8820224719101124,
		"support": 955.0
	},
	"1": {
		"precision": 0.6768060836501901,
		"recall": 0.898989898989899,
		"f1-score": 0.7722342733188721,
		"support": 396.0
	},
	"accuracy": 0.844559585492228,
	"macro avg": {
		"precision": 0.8141606175826708,
		"recall": 0.8604897138928553,
		"f1-score": 0.8271283726144922,
		"support": 1351.0
	},
	"weighted avg": {
		"precision": 0.8709934706309733,
		"recall": 0.844559585492228,
		"f1-score": 0.849841771212754,
		"support": 1351.0
	}
}