{
	"0": {
		"precision": 0.9087221095334685,
		"recall": 0.9382198952879581,
		"f1-score": 0.9232354456465739,
		"support": 955.0
	},
	"1": {
		"precision": 0.8383561643835616,
		"recall": 0.7727272727272727,
		"f1-score": 0.8042049934296978,
		"support": 396.0
	},
	"accuracy": 0.8897113249444856,
	"macro avg": {
		"precision": 0.873539136958515,
		"recall": 0.8554735840076154,
		"f1-score": 0.8637202195381358,
		"support": 1351.0
	},
	"weighted avg": {
		"precision": 0.8880967103629555,
		"recall": 0.8897113249444856,
		"f1-score": 0.8883456905926264,
		"support": 1351.0
	},
	"ROC-AUC": 0.9468374847956
}