{
	"0": {
		"precision": 0.9167523124357657,
		"recall": 0.9281997918834547,
		"f1-score": 0.922440537745605,
		"support": 961.0
	},
	"1": {
		"precision": 0.8174603174603174,
		"recall": 0.7923076923076923,
		"f1-score": 0.8046875,
		"support": 390.0
	},
	"accuracy": 0.8889711324944486,
	"macro avg": {
		"precision": 0.8671063149480416,
		"recall": 0.8602537420955735,
		"f1-score": 0.8635640188728024,
		"support": 1351.0
	},
	"weighted avg": {
		"precision": 0.8880891902740893,
		"recall": 0.8889711324944486,
		"f1-score": 0.8884481730373992,
		"support": 1351.0
	}
}