{
	"0": {
		"precision": 0.9700115340253749,
		"recall": 0.8751300728407908,
		"f1-score": 0.9201312910284464,
		"support": 961.0
	},
	"1": {
		"precision": 0.7520661157024794,
		"recall": 0.9333333333333333,
		"f1-score": 0.8329519450800915,
		"support": 390.0
	},
	"accuracy": 0.8919319022945966,
	"macro avg": {
		"precision": 0.8610388248639271,
		"recall": 0.9042317030870621,
		"f1-score": 0.8765416180542689,
		"support": 1351.0
	},
	"weighted avg": {
		"precision": 0.9070961282918966,
		"recall": 0.8919319022945966,
		"f1-score": 0.894964788497093,
		"support": 1351.0
	}
}