{
	"0": {
		"precision": 0.9395203336809176,
		"recall": 0.9375650364203955,
		"f1-score": 0.9385416666666667,
		"support": 961.0
	},
	"1": {
		"precision": 0.8469387755102041,
		"recall": 0.8512820512820513,
		"f1-score": 0.8491048593350383,
		"support": 390.0
	},
	"accuracy": 0.9126572908956329,
	"macro avg": {
		"precision": 0.8932295545955609,
		"recall": 0.8944235438512234,
		"f1-score": 0.8938232630008525,
		"support": 1351.0
	},
	"weighted avg": {
		"precision": 0.912794347236374,
		"recall": 0.9126572908956329,
		"f1-score": 0.9127234913451753,
		"support": 1351.0
	}
}