{
	"0": {
		"precision": 0.9025380710659898,
		"recall": 0.930890052356021,
		"f1-score": 0.9164948453608247,
		"support": 955.0
	},
	"1": {
		"precision": 0.819672131147541,
		"recall": 0.7575757575757576,
		"f1-score": 0.7874015748031497,
		"support": 396.0
	},
	"accuracy": 0.8800888230940045,
	"macro avg": {
		"precision": 0.8611051011067654,
		"recall": 0.8442329049658892,
		"f1-score": 0.8519482100819872,
		"support": 1351.0
	},
	"weighted avg": {
		"precision": 0.8782487208012187,
		"recall": 0.8800888230940045,
		"f1-score": 0.8786555151307438,
		"support": 1351.0
	}
}