{
	"0": {
		"precision": 0.9468208092485549,
		"recall": 0.8575916230366493,
		"f1-score": 0.9,
		"support": 955.0
	},
	"1": {
		"precision": 0.720164609053498,
		"recall": 0.8838383838383839,
		"f1-score": 0.7936507936507936,
		"support": 396.0
	},
	"accuracy": 0.8652849740932642,
	"macro avg": {
		"precision": 0.8334927091510265,
		"recall": 0.8707150034375166,
		"f1-score": 0.8468253968253968,
		"support": 1351.0
	},
	"weighted avg": {
		"precision": 0.8803842028257254,
		"recall": 0.8652849740932642,
		"f1-score": 0.8688273236755841,
		"support": 1351.0
	}
}