{
	"0": {
		"precision": 0.9705159705159705,
		"recall": 0.8220603537981269,
		"f1-score": 0.8901408450704226,
		"support": 961.0
	},
	"1": {
		"precision": 0.6815642458100558,
		"recall": 0.9384615384615385,
		"f1-score": 0.7896440129449838,
		"support": 390.0
	},
	"accuracy": 0.8556624722427831,
	"macro avg": {
		"precision": 0.8260401081630131,
		"recall": 0.8802609461298327,
		"f1-score": 0.8398924290077032,
		"support": 1351.0
	},
	"weighted avg": {
		"precision": 0.8871028153454991,
		"recall": 0.8556624722427831,
		"f1-score": 0.8611299164775867,
		"support": 1351.0
	}
}