{
	"0": {
		"precision": 0.9201773835920177,
		"recall": 0.8636836628511967,
		"f1-score": 0.8910359634997316,
		"support": 961.0
	},
	"1": {
		"precision": 0.7082405345211581,
		"recall": 0.8153846153846154,
		"f1-score": 0.7580452920143027,
		"support": 390.0
	},
	"accuracy": 0.8497409326424871,
	"macro avg": {
		"precision": 0.814208959056588,
		"recall": 0.8395341391179061,
		"f1-score": 0.8245406277570171,
		"support": 1351.0
	},
	"weighted avg": {
		"precision": 0.8589965019209332,
		"recall": 0.8497409326424871,
		"f1-score": 0.8526448740257736,
		"support": 1351.0
	}
}