{
	"0": {
		"precision": 0.9280575539568345,
		"recall": 0.8054110301768991,
		"f1-score": 0.8623955431754875,
		"support": 961.0
	},
	"1": {
		"precision": 0.6382978723404256,
		"recall": 0.8461538461538461,
		"f1-score": 0.7276736493936052,
		"support": 390.0
	},
	"accuracy": 0.8171724648408586,
	"macro avg": {
		"precision": 0.78317771314863,
		"recall": 0.8257824381653727,
		"f1-score": 0.7950345962845464,
		"support": 1351.0
	},
	"weighted avg": {
		"precision": 0.844411161780373,
		"recall": 0.8171724648408586,
		"f1-score": 0.8235046930089929,
		"support": 1351.0
	}
}