{
	"0": {
		"precision": 0.9302587176602924,
		"recall": 0.8605619146722164,
		"f1-score": 0.894054054054054,
		"support": 961.0
	},
	"1": {
		"precision": 0.70995670995671,
		"recall": 0.841025641025641,
		"f1-score": 0.7699530516431925,
		"support": 390.0
	},
	"accuracy": 0.8549222797927462,
	"macro avg": {
		"precision": 0.8201077138085012,
		"recall": 0.8507937778489287,
		"f1-score": 0.8320035528486233,
		"support": 1351.0
	},
	"weighted avg": {
		"precision": 0.8666630233565196,
		"recall": 0.8549222797927462,
		"f1-score": 0.8582291902937018,
		"support": 1351.0
	}
}