{
	"0": {
		"precision": 0.8883143743536711,
		"recall": 0.8994764397905759,
		"f1-score": 0.8938605619146722,
		"support": 955.0
	},
	"1": {
		"precision": 0.75,
		"recall": 0.7272727272727273,
		"f1-score": 0.7384615384615385,
		"support": 396.0
	},
	"accuracy": 0.8490007401924501,
	"macro avg": {
		"precision": 0.8191571871768355,
		"recall": 0.8133745835316516,
		"f1-score": 0.8161610501881054,
		"support": 1351.0
	},
	"weighted avg": {
		"precision": 0.8477721891249119,
		"recall": 0.8490007401924501,
		"f1-score": 0.8483105890890312,
		"support": 1351.0
	},
	"ROC-AUC": 0.8151277169601776
}