{
	"0": {
		"precision": 0.9159859976662778,
		"recall": 0.8219895287958116,
		"f1-score": 0.8664459161147903,
		"support": 955.0
	},
	"1": {
		"precision": 0.6558704453441295,
		"recall": 0.8181818181818182,
		"f1-score": 0.7280898876404495,
		"support": 396.0
	},
	"accuracy": 0.8208734270910437,
	"macro avg": {
		"precision": 0.7859282215052037,
		"recall": 0.8200856734888149,
		"f1-score": 0.7972679018776199,
		"support": 1351.0
	},
	"weighted avg": {
		"precision": 0.8397419127517177,
		"recall": 0.8208734270910437,
		"f1-score": 0.8258915213880405,
		"support": 1351.0
	}
}