{
	"0": {
		"precision": 0.9198606271777003,
		"recall": 0.8293193717277487,
		"f1-score": 0.8722466960352423,
		"support": 955.0
	},
	"1": {
		"precision": 0.6673469387755102,
		"recall": 0.8257575757575758,
		"f1-score": 0.7381489841986456,
		"support": 396.0
	},
	"accuracy": 0.8282753515914137,
	"macro avg": {
		"precision": 0.7936037829766053,
		"recall": 0.8275384737426623,
		"f1-score": 0.805197840116944,
		"support": 1351.0
	},
	"weighted avg": {
		"precision": 0.8458447718059259,
		"recall": 0.8282753515914137,
		"f1-score": 0.8329404829432421,
		"support": 1351.0
	}
}