{
	"0": {
		"precision": 0.8863636363636364,
		"recall": 0.8984293193717278,
		"f1-score": 0.8923556942277691,
		"support": 955.0
	},
	"1": {
		"precision": 0.7467362924281984,
		"recall": 0.7222222222222222,
		"f1-score": 0.7342747111681643,
		"support": 396.0
	},
	"accuracy": 0.846780162842339,
	"macro avg": {
		"precision": 0.8165499643959173,
		"recall": 0.810325770796975,
		"f1-score": 0.8133152026979666,
		"support": 1351.0
	},
	"weighted avg": {
		"precision": 0.8454365984669424,
		"recall": 0.846780162842339,
		"f1-score": 0.8460195955663306,
		"support": 1351.0
	}
}