{
	"0": {
		"precision": 0.9071504802561366,
		"recall": 0.8844953173777316,
		"f1-score": 0.8956796628029505,
		"support": 961.0
	},
	"1": {
		"precision": 0.7318840579710145,
		"recall": 0.7769230769230769,
		"f1-score": 0.753731343283582,
		"support": 390.0
	},
	"accuracy": 0.8534418948926721,
	"macro avg": {
		"precision": 0.8195172691135756,
		"recall": 0.8307091971504043,
		"f1-score": 0.8247055030432663,
		"support": 1351.0
	},
	"weighted avg": {
		"precision": 0.8565554360731629,
		"recall": 0.8534418948926721,
		"f1-score": 0.8547027237855163,
		"support": 1351.0
	}
}