{
	"0": {
		"precision": 0.9190140845070423,
		"recall": 0.8147762747138397,
		"f1-score": 0.863761720904578,
		"support": 961.0
	},
	"1": {
		"precision": 0.6432865731462926,
		"recall": 0.823076923076923,
		"f1-score": 0.7221597300337458,
		"support": 390.0
	},
	"accuracy": 0.8171724648408586,
	"macro avg": {
		"precision": 0.7811503288266675,
		"recall": 0.8189265988953813,
		"f1-score": 0.792960725469162,
		"support": 1351.0
	},
	"weighted avg": {
		"precision": 0.8394184298581212,
		"recall": 0.8171724648408586,
		"f1-score": 0.8228847583289862,
		"support": 1351.0
	}
}