{
	"0": {
		"precision": 0.9180509413067552,
		"recall": 0.8680628272251308,
		"f1-score": 0.8923573735199138,
		"support": 955.0
	},
	"1": {
		"precision": 0.71875,
		"recall": 0.8131313131313131,
		"f1-score": 0.7630331753554502,
		"support": 396.0
	},
	"accuracy": 0.8519615099925981,
	"macro avg": {
		"precision": 0.8184004706533776,
		"recall": 0.8405970701782219,
		"f1-score": 0.827695274437682,
		"support": 1351.0
	},
	"weighted avg": {
		"precision": 0.8596326046987056,
		"recall": 0.8519615099925981,
		"f1-score": 0.8544503546648972,
		"support": 1351.0
	}
}