{
	"0": {
		"precision": 0.8982528263103803,
		"recall": 0.9094693028095734,
		"f1-score": 0.9038262668045501,
		"support": 961.0
	},
	"1": {
		"precision": 0.7698412698412699,
		"recall": 0.7461538461538462,
		"f1-score": 0.7578125,
		"support": 390.0
	},
	"accuracy": 0.8623242042931162,
	"macro avg": {
		"precision": 0.8340470480758251,
		"recall": 0.8278115744817098,
		"f1-score": 0.830819383402275,
		"support": 1351.0
	},
	"weighted avg": {
		"precision": 0.861183613117965,
		"recall": 0.8623242042931162,
		"f1-score": 0.8616757345663749,
		"support": 1351.0
	}
}