{
	"0": {
		"precision": 0.915929203539823,
		"recall": 0.8670157068062827,
		"f1-score": 0.8908015061861215,
		"support": 955.0
	},
	"1": {
		"precision": 0.7158836689038032,
		"recall": 0.8080808080808081,
		"f1-score": 0.7591933570581257,
		"support": 396.0
	},
	"accuracy": 0.8497409326424871,
	"macro avg": {
		"precision": 0.8159064362218131,
		"recall": 0.8375482574435453,
		"f1-score": 0.8249974316221236,
		"support": 1351.0
	},
	"weighted avg": {
		"precision": 0.8572926145569482,
		"recall": 0.8497409326424871,
		"f1-score": 0.8522250242803583,
		"support": 1351.0
	}
}