{
	"0": {
		"precision": 0.9194414607948442,
		"recall": 0.890738813735692,
		"f1-score": 0.904862579281184,
		"support": 961.0
	},
	"1": {
		"precision": 0.75,
		"recall": 0.8076923076923077,
		"f1-score": 0.7777777777777778,
		"support": 390.0
	},
	"accuracy": 0.8667653589933383,
	"macro avg": {
		"precision": 0.8347207303974221,
		"recall": 0.8492155607139998,
		"f1-score": 0.8413201785294808,
		"support": 1351.0
	},
	"weighted avg": {
		"precision": 0.8705279376934458,
		"recall": 0.8667653589933383,
		"f1-score": 0.8681763671521474,
		"support": 1351.0
	}
}