{
	"0": {
		"precision": 0.8505629477993859,
		"recall": 0.8647242455775234,
		"f1-score": 0.8575851393188855,
		"support": 961.0
	},
	"1": {
		"precision": 0.6524064171122995,
		"recall": 0.6256410256410256,
		"f1-score": 0.6387434554973822,
		"support": 390.0
	},
	"accuracy": 0.7957068837897854,
	"macro avg": {
		"precision": 0.7514846824558428,
		"recall": 0.7451826356092746,
		"f1-score": 0.7481642974081338,
		"support": 1351.0
	},
	"weighted avg": {
		"precision": 0.7933601003027436,
		"recall": 0.7957068837897854,
		"f1-score": 0.7944110040928409,
		"support": 1351.0
	}
}