{
	"0": {
		"precision": 0.9149623250807319,
		"recall": 0.8844953173777316,
		"f1-score": 0.8994708994708994,
		"support": 961.0
	},
	"1": {
		"precision": 0.7369668246445498,
		"recall": 0.7974358974358975,
		"f1-score": 0.7660098522167488,
		"support": 390.0
	},
	"accuracy": 0.8593634344929681,
	"macro avg": {
		"precision": 0.8259645748626409,
		"recall": 0.8409656074068146,
		"f1-score": 0.8327403758438241,
		"support": 1351.0
	},
	"weighted avg": {
		"precision": 0.8635794641109976,
		"recall": 0.8593634344929681,
		"f1-score": 0.860944024245793,
		"support": 1351.0
	}
}