{
	"0": {
		"precision": 0.8568443051201672,
		"recall": 0.8586387434554974,
		"f1-score": 0.8577405857740585,
		"support": 955.0
	},
	"1": {
		"precision": 0.6573604060913706,
		"recall": 0.6540404040404041,
		"f1-score": 0.6556962025316456,
		"support": 396.0
	},
	"accuracy": 0.7986676535899334,
	"macro avg": {
		"precision": 0.7571023556057689,
		"recall": 0.7563395737479508,
		"f1-score": 0.7567183941528521,
		"support": 1351.0
	},
	"weighted avg": {
		"precision": 0.7983723406380032,
		"recall": 0.7986676535899334,
		"f1-score": 0.7985181018628849,
		"support": 1351.0
	},
	"ROC-AUC": 0.8684832619387594
}