{
	"0": {
		"precision": 0.9144144144144144,
		"recall": 0.8502617801047121,
		"f1-score": 0.8811720021703744,
		"support": 955.0
	},
	"1": {
		"precision": 0.6911447084233261,
		"recall": 0.8080808080808081,
		"f1-score": 0.7450523864959255,
		"support": 396.0
	},
	"accuracy": 0.8378978534418949,
	"macro avg": {
		"precision": 0.8027795614188702,
		"recall": 0.82917129409276,
		"f1-score": 0.81311219433315,
		"support": 1351.0
	},
	"weighted avg": {
		"precision": 0.848970444338566,
		"recall": 0.8378978534418949,
		"f1-score": 0.8412731362880045,
		"support": 1351.0
	}
}