{
	"0": {
		"precision": 0.8331771321462043,
		"recall": 0.930890052356021,
		"f1-score": 0.8793273986152325,
		"support": 955.0
	},
	"1": {
		"precision": 0.7676056338028169,
		"recall": 0.5505050505050505,
		"f1-score": 0.6411764705882353,
		"support": 396.0
	},
	"accuracy": 0.8193930421909696,
	"macro avg": {
		"precision": 0.8003913829745106,
		"recall": 0.7406975514305357,
		"f1-score": 0.7602519346017339,
		"support": 1351.0
	},
	"weighted avg": {
		"precision": 0.813957063053694,
		"recall": 0.8193930421909696,
		"f1-score": 0.8095215011328559,
		"support": 1351.0
	},
	"ROC-AUC": 0.8884948966100799
}