{
	"0": {
		"precision": 0.9083969465648855,
		"recall": 0.8668054110301769,
		"f1-score": 0.8871139510117146,
		"support": 961.0
	},
	"1": {
		"precision": 0.7050691244239631,
		"recall": 0.7846153846153846,
		"f1-score": 0.7427184466019418,
		"support": 390.0
	},
	"accuracy": 0.8430792005921539,
	"macro avg": {
		"precision": 0.8067330354944242,
		"recall": 0.8257103978227808,
		"f1-score": 0.8149161988068282,
		"support": 1351.0
	},
	"weighted avg": {
		"precision": 0.8497012762207258,
		"recall": 0.8430792005921539,
		"f1-score": 0.8454305707601889,
		"support": 1351.0
	}
}