{
	"0": {
		"precision": 0.9290953545232273,
		"recall": 0.7958115183246073,
		"f1-score": 0.8573040045121263,
		"support": 955.0
	},
	"1": {
		"precision": 0.6341463414634146,
		"recall": 0.8535353535353535,
		"f1-score": 0.7276641550053822,
		"support": 396.0
	},
	"accuracy": 0.8127313101406366,
	"macro avg": {
		"precision": 0.781620847993321,
		"recall": 0.8246734359299803,
		"f1-score": 0.7924840797587542,
		"support": 1351.0
	},
	"weighted avg": {
		"precision": 0.842641017608582,
		"recall": 0.8127313101406366,
		"f1-score": 0.8193044631319112,
		"support": 1351.0
	}
}