{
	"0": {
		"precision": 0.8391019644527596,
		"recall": 0.9392670157068063,
		"f1-score": 0.8863636363636364,
		"support": 955.0
	},
	"1": {
		"precision": 0.7943262411347518,
		"recall": 0.5656565656565656,
		"f1-score": 0.6607669616519174,
		"support": 396.0
	},
	"accuracy": 0.8297557364914878,
	"macro avg": {
		"precision": 0.8167141027937557,
		"recall": 0.752461790681686,
		"f1-score": 0.7735652990077768,
		"support": 1351.0
	},
	"weighted avg": {
		"precision": 0.8259774741241651,
		"recall": 0.8297557364914878,
		"f1-score": 0.8202375940351088,
		"support": 1351.0
	}
}