{
	"0": {
		"precision": 0.8556603773584905,
		"recall": 0.9438085327783559,
		"f1-score": 0.8975754576942108,
		"support": 961.0
	},
	"1": {
		"precision": 0.8144329896907216,
		"recall": 0.6076923076923076,
		"f1-score": 0.6960352422907489,
		"support": 390.0
	},
	"accuracy": 0.846780162842339,
	"macro avg": {
		"precision": 0.8350466835246061,
		"recall": 0.7757504202353318,
		"f1-score": 0.7968053499924799,
		"support": 1351.0
	},
	"weighted avg": {
		"precision": 0.8437590589347823,
		"recall": 0.846780162842339,
		"f1-score": 0.8393958248242255,
		"support": 1351.0
	}
}