{
	"0": {
		"precision": 0.8962882096069869,
		"recall": 0.854318418314256,
		"f1-score": 0.8748002131060203,
		"support": 961.0
	},
	"1": {
		"precision": 0.6781609195402298,
		"recall": 0.7564102564102564,
		"f1-score": 0.7151515151515152,
		"support": 390.0
	},
	"accuracy": 0.8260547742413027,
	"macro avg": {
		"precision": 0.7872245645736083,
		"recall": 0.8053643373622562,
		"f1-score": 0.7949758641287678,
		"support": 1351.0
	},
	"weighted avg": {
		"precision": 0.8333203020377528,
		"recall": 0.8260547742413027,
		"f1-score": 0.8287136163611964,
		"support": 1351.0
	}
}