{
	"0": {
		"precision": 0.8684470820969338,
		"recall": 0.9136316337148803,
		"f1-score": 0.8904665314401623,
		"support": 961.0
	},
	"1": {
		"precision": 0.7558823529411764,
		"recall": 0.658974358974359,
		"f1-score": 0.7041095890410959,
		"support": 390.0
	},
	"accuracy": 0.8401184307920059,
	"macro avg": {
		"precision": 0.8121647175190552,
		"recall": 0.7863029963446196,
		"f1-score": 0.7972880602406291,
		"support": 1351.0
	},
	"weighted avg": {
		"precision": 0.8359524526589284,
		"recall": 0.8401184307920059,
		"f1-score": 0.8366699307476115,
		"support": 1351.0
	}
}