{
	"0": {
		"precision": 0.8774459320288363,
		"recall": 0.8921465968586387,
		"f1-score": 0.8847352024922118,
		"support": 955.0
	},
	"1": {
		"precision": 0.7289473684210527,
		"recall": 0.6994949494949495,
		"f1-score": 0.7139175257731959,
		"support": 396.0
	},
	"accuracy": 0.8356772760917839,
	"macro avg": {
		"precision": 0.8031966502249445,
		"recall": 0.7958207731767941,
		"f1-score": 0.7993263641327039,
		"support": 1351.0
	},
	"weighted avg": {
		"precision": 0.8339185958418028,
		"recall": 0.8356772760917839,
		"f1-score": 0.8346657724546616,
		"support": 1351.0
	}
}