{
	"0": {
		"precision": 0.9224719101123595,
		"recall": 0.854318418314256,
		"f1-score": 0.8870880605078336,
		"support": 961.0
	},
	"1": {
		"precision": 0.6963123644251626,
		"recall": 0.823076923076923,
		"f1-score": 0.754406580493537,
		"support": 390.0
	},
	"accuracy": 0.845299777942265,
	"macro avg": {
		"precision": 0.8093921372687611,
		"recall": 0.8386976706955895,
		"f1-score": 0.8207473205006853,
		"support": 1351.0
	},
	"weighted avg": {
		"precision": 0.8571852907059888,
		"recall": 0.845299777942265,
		"f1-score": 0.8487862268989693,
		"support": 1351.0
	}
}