{
	"0": {
		"precision": 0.8442545109211775,
		"recall": 0.9250780437044746,
		"f1-score": 0.8828202581926514,
		"support": 961.0
	},
	"1": {
		"precision": 0.7583892617449665,
		"recall": 0.5794871794871795,
		"f1-score": 0.6569767441860465,
		"support": 390.0
	},
	"accuracy": 0.8253145817912657,
	"macro avg": {
		"precision": 0.801321886333072,
		"recall": 0.752282611595827,
		"f1-score": 0.7698985011893489,
		"support": 1351.0
	},
	"weighted avg": {
		"precision": 0.8194673553484741,
		"recall": 0.8253145817912657,
		"f1-score": 0.81762486924922,
		"support": 1351.0
	}
}