{
	"0": {
		"precision": 0.9342105263157895,
		"recall": 0.8178010471204189,
		"f1-score": 0.8721384701284198,
		"support": 955.0
	},
	"1": {
		"precision": 0.6621359223300971,
		"recall": 0.8611111111111112,
		"f1-score": 0.7486278814489572,
		"support": 396.0
	},
	"accuracy": 0.8304959289415248,
	"macro avg": {
		"precision": 0.7981732243229434,
		"recall": 0.839456079115765,
		"f1-score": 0.8103831757886886,
		"support": 1351.0
	},
	"weighted avg": {
		"precision": 0.85446104949985,
		"recall": 0.8304959289415248,
		"f1-score": 0.8359355144533147,
		"support": 1351.0
	}
}