{
	"0": {
		"precision": 0.9495896834701055,
		"recall": 0.8428720083246618,
		"f1-score": 0.8930540242557883,
		"support": 961.0
	},
	"1": {
		"precision": 0.6967871485943775,
		"recall": 0.8897435897435897,
		"f1-score": 0.7815315315315315,
		"support": 390.0
	},
	"accuracy": 0.8564026646928201,
	"macro avg": {
		"precision": 0.8231884160322416,
		"recall": 0.8663077990341257,
		"f1-score": 0.8372927778936599,
		"support": 1351.0
	},
	"weighted avg": {
		"precision": 0.8766118976806652,
		"recall": 0.8564026646928201,
		"f1-score": 0.8608602624775055,
		"support": 1351.0
	}
}