{
	"0": {
		"precision": 0.9078947368421053,
		"recall": 0.9392670157068063,
		"f1-score": 0.9233144621718992,
		"support": 955.0
	},
	"1": {
		"precision": 0.8402203856749312,
		"recall": 0.7702020202020202,
		"f1-score": 0.8036890645586298,
		"support": 396.0
	},
	"accuracy": 0.8897113249444856,
	"macro avg": {
		"precision": 0.8740575612585182,
		"recall": 0.8547345179544132,
		"f1-score": 0.8635017633652644,
		"support": 1351.0
	},
	"weighted avg": {
		"precision": 0.8880582874992475,
		"recall": 0.8897113249444856,
		"f1-score": 0.8882503189780763,
		"support": 1351.0
	}
}