{
	"0": {
		"precision": 0.8912820512820513,
		"recall": 0.9099476439790576,
		"f1-score": 0.900518134715026,
		"support": 955.0
	},
	"1": {
		"precision": 0.7712765957446809,
		"recall": 0.7323232323232324,
		"f1-score": 0.7512953367875648,
		"support": 396.0
	},
	"accuracy": 0.8578830495928942,
	"macro avg": {
		"precision": 0.8312793235133661,
		"recall": 0.821135438151145,
		"f1-score": 0.8259067357512954,
		"support": 1351.0
	},
	"weighted avg": {
		"precision": 0.8561065069498538,
		"recall": 0.8578830495928942,
		"f1-score": 0.8567785137089012,
		"support": 1351.0
	}
}