{
	"0": {
		"precision": 0.9484029484029484,
		"recall": 0.8083769633507853,
		"f1-score": 0.8728094968908988,
		"support": 955.0
	},
	"1": {
		"precision": 0.659217877094972,
		"recall": 0.8939393939393939,
		"f1-score": 0.7588424437299035,
		"support": 396.0
	},
	"accuracy": 0.8334566987416728,
	"macro avg": {
		"precision": 0.8038104127489603,
		"recall": 0.8511581786450897,
		"f1-score": 0.8158259703104012,
		"support": 1351.0
	},
	"weighted avg": {
		"precision": 0.8636381162504994,
		"recall": 0.8334566987416728,
		"f1-score": 0.8394039061790156,
		"support": 1351.0
	}
}