{
	"0": {
		"precision": 0.9153061224489796,
		"recall": 0.9334027055150884,
		"f1-score": 0.9242658423493045,
		"support": 961.0
	},
	"1": {
		"precision": 0.8274932614555256,
		"recall": 0.7871794871794872,
		"f1-score": 0.8068331143232589,
		"support": 390.0
	},
	"accuracy": 0.8911917098445595,
	"macro avg": {
		"precision": 0.8713996919522526,
		"recall": 0.8602910963472878,
		"f1-score": 0.8655494783362817,
		"support": 1351.0
	},
	"weighted avg": {
		"precision": 0.889956739926813,
		"recall": 0.8911917098445595,
		"f1-score": 0.8903659430671743,
		"support": 1351.0
	}
}