{
	"0": {
		"precision": 0.9217758985200846,
		"recall": 0.9130890052356021,
		"f1-score": 0.9174118884797475,
		"support": 955.0
	},
	"1": {
		"precision": 0.7950617283950617,
		"recall": 0.8131313131313131,
		"f1-score": 0.8039950062421972,
		"support": 396.0
	},
	"accuracy": 0.8837897853441895,
	"macro avg": {
		"precision": 0.8584188134575732,
		"recall": 0.8631101591834576,
		"f1-score": 0.8607034473609724,
		"support": 1351.0
	},
	"weighted avg": {
		"precision": 0.8846339211925427,
		"recall": 0.8837897853441895,
		"f1-score": 0.8841675617839149,
		"support": 1351.0
	}
}