{
	"0": {
		"precision": 0.9102040816326531,
		"recall": 0.9281997918834547,
		"f1-score": 0.9191138588356518,
		"support": 961.0
	},
	"1": {
		"precision": 0.8140161725067385,
		"recall": 0.7743589743589744,
		"f1-score": 0.7936925098554534,
		"support": 390.0
	},
	"accuracy": 0.8837897853441895,
	"macro avg": {
		"precision": 0.8621101270696958,
		"recall": 0.8512793831212145,
		"f1-score": 0.8564031843455526,
		"support": 1351.0
	},
	"weighted avg": {
		"precision": 0.8824370316259124,
		"recall": 0.8837897853441895,
		"f1-score": 0.8829078439560978,
		"support": 1351.0
	}
}