{
	"0": {
		"precision": 0.9281575898030128,
		"recall": 0.8387434554973822,
		"f1-score": 0.8811881188118812,
		"support": 955.0
	},
	"1": {
		"precision": 0.6844262295081968,
		"recall": 0.8434343434343434,
		"f1-score": 0.755656108597285,
		"support": 396.0
	},
	"accuracy": 0.8401184307920059,
	"macro avg": {
		"precision": 0.8062919096556047,
		"recall": 0.8410888994658627,
		"f1-score": 0.8184221137045831,
		"support": 1351.0
	},
	"weighted avg": {
		"precision": 0.8567159771629335,
		"recall": 0.8401184307920059,
		"f1-score": 0.8443926517171513,
		"support": 1351.0
	},
	"ROC-AUC": 0.8410888994658627
}