{
	"0": {
		"precision": 0.9534282018111255,
		"recall": 0.7669094693028096,
		"f1-score": 0.8500576701268743,
		"support": 961.0
	},
	"1": {
		"precision": 0.6124567474048442,
		"recall": 0.9076923076923077,
		"f1-score": 0.731404958677686,
		"support": 390.0
	},
	"accuracy": 0.8075499629903775,
	"macro avg": {
		"precision": 0.7829424746079849,
		"recall": 0.8373008884975586,
		"f1-score": 0.7907313144022801,
		"support": 1351.0
	},
	"weighted avg": {
		"precision": 0.854998248281555,
		"recall": 0.8075499629903775,
		"f1-score": 0.8158055920623418,
		"support": 1351.0
	}
}