{
	"0": {
		"precision": 0.9489144316730523,
		"recall": 0.7780104712041885,
		"f1-score": 0.8550057537399309,
		"support": 955.0
	},
	"1": {
		"precision": 0.6267605633802817,
		"recall": 0.898989898989899,
		"f1-score": 0.7385892116182573,
		"support": 396.0
	},
	"accuracy": 0.8134715025906736,
	"macro avg": {
		"precision": 0.7878374975266671,
		"recall": 0.8385001850970437,
		"f1-score": 0.7967974826790941,
		"support": 1351.0
	},
	"weighted avg": {
		"precision": 0.854485910693084,
		"recall": 0.8134715025906736,
		"f1-score": 0.8208821781069312,
		"support": 1351.0
	}
}