{
	"0": {
		"precision": 0.9029535864978903,
		"recall": 0.890738813735692,
		"f1-score": 0.8968046097433211,
		"support": 961.0
	},
	"1": {
		"precision": 0.739454094292804,
		"recall": 0.764102564102564,
		"f1-score": 0.7515762925598991,
		"support": 390.0
	},
	"accuracy": 0.8541820873427091,
	"macro avg": {
		"precision": 0.8212038403953471,
		"recall": 0.827420688919128,
		"f1-score": 0.82419045115161,
		"support": 1351.0
	},
	"weighted avg": {
		"precision": 0.8557553615090052,
		"recall": 0.8541820873427091,
		"f1-score": 0.854880817218129,
		"support": 1351.0
	}
}