{
	"0": {
		"precision": 0.948051948051948,
		"recall": 0.7643979057591623,
		"f1-score": 0.8463768115942029,
		"support": 955.0
	},
	"1": {
		"precision": 0.612736660929432,
		"recall": 0.898989898989899,
		"f1-score": 0.7287615148413511,
		"support": 396.0
	},
	"accuracy": 0.8038490007401925,
	"macro avg": {
		"precision": 0.78039430449069,
		"recall": 0.8316939023745307,
		"f1-score": 0.787569163217777,
		"support": 1351.0
	},
	"weighted avg": {
		"precision": 0.8497656018635569,
		"recall": 0.8038490007401925,
		"f1-score": 0.8119018615467349,
		"support": 1351.0
	}
}