{
	"0": {
		"precision": 0.9489528795811518,
		"recall": 0.7591623036649214,
		"f1-score": 0.8435136707388017,
		"support": 955.0
	},
	"1": {
		"precision": 0.6081771720613288,
		"recall": 0.9015151515151515,
		"f1-score": 0.7263479145473042,
		"support": 396.0
	},
	"accuracy": 0.8008882309400445,
	"macro avg": {
		"precision": 0.7785650258212403,
		"recall": 0.8303387275900365,
		"f1-score": 0.7849307926430529,
		"support": 1351.0
	},
	"weighted avg": {
		"precision": 0.8490659956597233,
		"recall": 0.8008882309400445,
		"f1-score": 0.8091704883170155,
		"support": 1351.0
	},
	"ROC-AUC": 0.8938759320958275
}