{
	"0": {
		"precision": 0.8845750262329486,
		"recall": 0.8827225130890053,
		"f1-score": 0.8836477987421384,
		"support": 955.0
	},
	"1": {
		"precision": 0.7185929648241206,
		"recall": 0.7222222222222222,
		"f1-score": 0.7204030226700252,
		"support": 396.0
	},
	"accuracy": 0.8356772760917839,
	"macro avg": {
		"precision": 0.8015839955285347,
		"recall": 0.8024723676556138,
		"f1-score": 0.8020254107060818,
		"support": 1351.0
	},
	"weighted avg": {
		"precision": 0.8359229934291766,
		"recall": 0.8356772760917839,
		"f1-score": 0.8357981086425404,
		"support": 1351.0
	},
	"ROC-AUC": 0.8997435083822517
}