{
	"0": {
		"precision": 0.9399249061326659,
		"recall": 0.7863874345549738,
		"f1-score": 0.8563283922462942,
		"support": 955.0
	},
	"1": {
		"precision": 0.6304347826086957,
		"recall": 0.8787878787878788,
		"f1-score": 0.7341772151898734,
		"support": 396.0
	},
	"accuracy": 0.8134715025906736,
	"macro avg": {
		"precision": 0.7851798443706808,
		"recall": 0.8325876566714263,
		"f1-score": 0.7952528037180838,
		"support": 1351.0
	},
	"weighted avg": {
		"precision": 0.849208334026454,
		"recall": 0.8134715025906736,
		"f1-score": 0.8205239021542567,
		"support": 1351.0
	}
}