{
	"0": {
		"precision": 0.8920634920634921,
		"recall": 0.8827225130890053,
		"f1-score": 0.8873684210526316,
		"support": 955.0
	},
	"1": {
		"precision": 0.7241379310344828,
		"recall": 0.7424242424242424,
		"f1-score": 0.7331670822942643,
		"support": 396.0
	},
	"accuracy": 0.84159881569208,
	"macro avg": {
		"precision": 0.8081007115489874,
		"recall": 0.8125733777566239,
		"f1-score": 0.810267751673448,
		"support": 1351.0
	},
	"weighted avg": {
		"precision": 0.8428417880164989,
		"recall": 0.84159881569208,
		"f1-score": 0.8421695090257526,
		"support": 1351.0
	}
}