{
	"0": {
		"precision": 0.9608108108108108,
		"recall": 0.7398543184183143,
		"f1-score": 0.8359788359788359,
		"support": 961.0
	},
	"1": {
		"precision": 0.5908346972176759,
		"recall": 0.9256410256410257,
		"f1-score": 0.7212787212787213,
		"support": 390.0
	},
	"accuracy": 0.7934863064396743,
	"macro avg": {
		"precision": 0.7758227540142433,
		"recall": 0.83274767202967,
		"f1-score": 0.7786287786287787,
		"support": 1351.0
	},
	"weighted avg": {
		"precision": 0.8540079356802982,
		"recall": 0.7934863064396743,
		"f1-score": 0.8028677740002685,
		"support": 1351.0
	}
}