{
	"0": {
		"precision": 0.8556085918854416,
		"recall": 0.7507853403141361,
		"f1-score": 0.7997769102063581,
		"support": 955.0
	},
	"1": {
		"precision": 0.5360623781676414,
		"recall": 0.6944444444444444,
		"f1-score": 0.605060506050605,
		"support": 396.0
	},
	"accuracy": 0.7342709104367136,
	"macro avg": {
		"precision": 0.6958354850265415,
		"recall": 0.7226148923792903,
		"f1-score": 0.7024187081284816,
		"support": 1351.0
	},
	"weighted avg": {
		"precision": 0.7619444167320375,
		"recall": 0.7342709104367136,
		"f1-score": 0.7427023757535985,
		"support": 1351.0
	}
}