{
	"0": {
		"precision": 0.8818897637795275,
		"recall": 0.5863874345549738,
		"f1-score": 0.7044025157232704,
		"support": 955.0
	},
	"1": {
		"precision": 0.4483240223463687,
		"recall": 0.8106060606060606,
		"f1-score": 0.5773381294964028,
		"support": 396.0
	},
	"accuracy": 0.6521095484826055,
	"macro avg": {
		"precision": 0.6651068930629481,
		"recall": 0.6984967475805172,
		"f1-score": 0.6408703226098367,
		"support": 1351.0
	},
	"weighted avg": {
		"precision": 0.7548046167717326,
		"recall": 0.6521095484826055,
		"f1-score": 0.6671578843791997,
		"support": 1351.0
	},
	"ROC-AUC": 0.789542017028928
}