{
	"0": {
		"precision": 0.8974763406940063,
		"recall": 0.5920915712799167,
		"f1-score": 0.7134796238244514,
		"support": 961.0
	},
	"1": {
		"precision": 0.45327754532775455,
		"recall": 0.8333333333333334,
		"f1-score": 0.5871725383920506,
		"support": 390.0
	},
	"accuracy": 0.6617320503330866,
	"macro avg": {
		"precision": 0.6753769430108805,
		"recall": 0.712712452306625,
		"f1-score": 0.650326081108251,
		"support": 1351.0
	},
	"weighted avg": {
		"precision": 0.769247228782209,
		"recall": 0.6617320503330866,
		"f1-score": 0.6770179189253869,
		"support": 1351.0
	}
}