{
	"0": {
		"precision": 0.8757192174913694,
		"recall": 0.7918834547346514,
		"f1-score": 0.8316939890710382,
		"support": 961.0
	},
	"1": {
		"precision": 0.5850622406639004,
		"recall": 0.7230769230769231,
		"f1-score": 0.6467889908256881,
		"support": 390.0
	},
	"accuracy": 0.772020725388601,
	"macro avg": {
		"precision": 0.7303907290776349,
		"recall": 0.7574801889057872,
		"f1-score": 0.7392414899483631,
		"support": 1351.0
	},
	"weighted avg": {
		"precision": 0.7918137985700423,
		"recall": 0.772020725388601,
		"f1-score": 0.7783165284376655,
		"support": 1351.0
	}
}