{
	"0": {
		"precision": 0.8963503649635036,
		"recall": 0.6389177939646202,
		"f1-score": 0.7460510328068044,
		"support": 961.0
	},
	"1": {
		"precision": 0.47897897897897895,
		"recall": 0.8179487179487179,
		"f1-score": 0.6041666666666666,
		"support": 390.0
	},
	"accuracy": 0.6905995558845299,
	"macro avg": {
		"precision": 0.6876646719712413,
		"recall": 0.7284332559566691,
		"f1-score": 0.6751088497367355,
		"support": 1351.0
	},
	"weighted avg": {
		"precision": 0.7758656569442849,
		"recall": 0.6905995558845299,
		"f1-score": 0.7050925555346699,
		"support": 1351.0
	}
}