{
	"0": {
		"precision": 0.8740740740740741,
		"recall": 0.6178010471204188,
		"f1-score": 0.7239263803680982,
		"support": 955.0
	},
	"1": {
		"precision": 0.46005917159763315,
		"recall": 0.7853535353535354,
		"f1-score": 0.5802238805970149,
		"support": 396.0
	},
	"accuracy": 0.6669133974833457,
	"macro avg": {
		"precision": 0.6670666228358536,
		"recall": 0.7015772912369771,
		"f1-score": 0.6520751304825565,
		"support": 1351.0
	},
	"weighted avg": {
		"precision": 0.7527195948877894,
		"recall": 0.6669133974833457,
		"f1-score": 0.6818048482368259,
		"support": 1351.0
	},
	"ROC-AUC": 0.7947009360621925
}