{
	"0": {
		"precision": 0.9369183040330921,
		"recall": 0.9427679500520292,
		"f1-score": 0.9398340248962656,
		"support": 961.0
	},
	"1": {
		"precision": 0.8567708333333334,
		"recall": 0.8435897435897436,
		"f1-score": 0.8501291989664083,
		"support": 390.0
	},
	"accuracy": 0.9141376757957069,
	"macro avg": {
		"precision": 0.8968445686832127,
		"recall": 0.8931788468208863,
		"f1-score": 0.894981611931337,
		"support": 1351.0
	},
	"weighted avg": {
		"precision": 0.9137817284794978,
		"recall": 0.9141376757957069,
		"f1-score": 0.9139384792910514,
		"support": 1351.0
	}
}