{
	"0": {
		"precision": 0.9133537206931702,
		"recall": 0.9382198952879581,
		"f1-score": 0.9256198347107438,
		"support": 955.0
	},
	"1": {
		"precision": 0.8405405405405405,
		"recall": 0.7853535353535354,
		"f1-score": 0.8120104438642297,
		"support": 396.0
	},
	"accuracy": 0.8934122871946706,
	"macro avg": {
		"precision": 0.8769471306168554,
		"recall": 0.8617867153207468,
		"f1-score": 0.8688151392874868,
		"support": 1351.0
	},
	"weighted avg": {
		"precision": 0.8920109972731542,
		"recall": 0.8934122871946706,
		"f1-score": 0.8923190806210181,
		"support": 1351.0
	}
}