{
	"0": {
		"precision": 0.9668571428571429,
		"recall": 0.8803329864724245,
		"f1-score": 0.9215686274509803,
		"support": 961.0
	},
	"1": {
		"precision": 0.7584033613445378,
		"recall": 0.9256410256410257,
		"f1-score": 0.8337182448036952,
		"support": 390.0
	},
	"accuracy": 0.8934122871946706,
	"macro avg": {
		"precision": 0.8626302521008403,
		"recall": 0.9029870060567251,
		"f1-score": 0.8776434361273378,
		"support": 1351.0
	},
	"weighted avg": {
		"precision": 0.9066817359067979,
		"recall": 0.8934122871946706,
		"f1-score": 0.8962084133633111,
		"support": 1351.0
	}
}