{
	"0": {
		"precision": 0.9722891566265061,
		"recall": 0.8397502601456815,
		"f1-score": 0.9011725293132329,
		"support": 961.0
	},
	"1": {
		"precision": 0.7044145873320538,
		"recall": 0.941025641025641,
		"f1-score": 0.8057080131723381,
		"support": 390.0
	},
	"accuracy": 0.8689859363434493,
	"macro avg": {
		"precision": 0.83835187197928,
		"recall": 0.8903879505856613,
		"f1-score": 0.8534402712427855,
		"support": 1351.0
	},
	"weighted avg": {
		"precision": 0.894960450464525,
		"recall": 0.8689859363434493,
		"f1-score": 0.8736143048166015,
		"support": 1351.0
	}
}