{
	"0": {
		"precision": 0.9523809523809523,
		"recall": 0.8795811518324608,
		"f1-score": 0.914534567229178,
		"support": 955.0
	},
	"1": {
		"precision": 0.7547974413646056,
		"recall": 0.8939393939393939,
		"f1-score": 0.8184971098265896,
		"support": 396.0
	},
	"accuracy": 0.8837897853441895,
	"macro avg": {
		"precision": 0.8535891968727789,
		"recall": 0.8867602728859274,
		"f1-score": 0.8665158385278838,
		"support": 1351.0
	},
	"weighted avg": {
		"precision": 0.8944660224309351,
		"recall": 0.8837897853441895,
		"f1-score": 0.8863844316766799,
		"support": 1351.0
	}
}