{
	"0": {
		"precision": 0.9546511627906977,
		"recall": 0.8596858638743455,
		"f1-score": 0.9046831955922865,
		"support": 955.0
	},
	"1": {
		"precision": 0.7270875763747454,
		"recall": 0.9015151515151515,
		"f1-score": 0.8049605411499436,
		"support": 396.0
	},
	"accuracy": 0.8719467061435974,
	"macro avg": {
		"precision": 0.8408693695827216,
		"recall": 0.8806005076947485,
		"f1-score": 0.8548218683711151,
		"support": 1351.0
	},
	"weighted avg": {
		"precision": 0.8879485867575984,
		"recall": 0.8719467061435974,
		"f1-score": 0.8754528690496012,
		"support": 1351.0
	}
}