{
	"0": {
		"precision": 0.9188078108941419,
		"recall": 0.9361256544502617,
		"f1-score": 0.9273858921161826,
		"support": 955.0
	},
	"1": {
		"precision": 0.8386243386243386,
		"recall": 0.8005050505050505,
		"f1-score": 0.8191214470284238,
		"support": 396.0
	},
	"accuracy": 0.8963730569948186,
	"macro avg": {
		"precision": 0.8787160747592402,
		"recall": 0.8683153524776561,
		"f1-score": 0.8732536695723032,
		"support": 1351.0
	},
	"weighted avg": {
		"precision": 0.8953047353805651,
		"recall": 0.8963730569948186,
		"f1-score": 0.895651828271066,
		"support": 1351.0
	}
}