{
	"0": {
		"precision": 0.9531615925058547,
		"recall": 0.8523560209424084,
		"f1-score": 0.8999447208402432,
		"support": 955.0
	},
	"1": {
		"precision": 0.716297786720322,
		"recall": 0.898989898989899,
		"f1-score": 0.7973124300111982,
		"support": 396.0
	},
	"accuracy": 0.8660251665433013,
	"macro avg": {
		"precision": 0.8347296896130884,
		"recall": 0.8756729599661537,
		"f1-score": 0.8486285754257208,
		"support": 1351.0
	},
	"weighted avg": {
		"precision": 0.883732971416979,
		"recall": 0.8660251665433013,
		"f1-score": 0.8698615327067851,
		"support": 1351.0
	}
}