{
	"0": {
		"precision": 0.9545970488081725,
		"recall": 0.8806282722513089,
		"f1-score": 0.9161220043572985,
		"support": 955.0
	},
	"1": {
		"precision": 0.7574468085106383,
		"recall": 0.898989898989899,
		"f1-score": 0.8221709006928406,
		"support": 396.0
	},
	"accuracy": 0.8860103626943006,
	"macro avg": {
		"precision": 0.8560219286594054,
		"recall": 0.889809085620604,
		"f1-score": 0.8691464525250696,
		"support": 1351.0
	},
	"weighted avg": {
		"precision": 0.8968091175292506,
		"recall": 0.8860103626943006,
		"f1-score": 0.8885834129056883,
		"support": 1351.0
	}
}