{
	"0": {
		"precision": 0.912568306010929,
		"recall": 0.8743455497382199,
		"f1-score": 0.893048128342246,
		"support": 955.0
	},
	"1": {
		"precision": 0.7247706422018348,
		"recall": 0.797979797979798,
		"f1-score": 0.7596153846153846,
		"support": 396.0
	},
	"accuracy": 0.8519615099925981,
	"macro avg": {
		"precision": 0.8186694741063819,
		"recall": 0.8361626738590089,
		"f1-score": 0.8263317564788153,
		"support": 1351.0
	},
	"weighted avg": {
		"precision": 0.8575217665080411,
		"recall": 0.8519615099925981,
		"f1-score": 0.853936828182485,
		"support": 1351.0
	}
}