{
	"0": {
		"precision": 0.9769526248399488,
		"recall": 0.7939646201873048,
		"f1-score": 0.8760045924225028,
		"support": 961.0
	},
	"1": {
		"precision": 0.6526315789473685,
		"recall": 0.9538461538461539,
		"f1-score": 0.775,
		"support": 390.0
	},
	"accuracy": 0.8401184307920059,
	"macro avg": {
		"precision": 0.8147921018936586,
		"recall": 0.8739053870167294,
		"f1-score": 0.8255022962112515,
		"support": 1351.0
	},
	"weighted avg": {
		"precision": 0.8833292289124091,
		"recall": 0.8401184307920059,
		"f1-score": 0.8468470860977241,
		"support": 1351.0
	}
}