{
	"0": {
		"precision": 0.9011213047910296,
		"recall": 0.9256544502617801,
		"f1-score": 0.9132231404958677,
		"support": 955.0
	},
	"1": {
		"precision": 0.8081081081081081,
		"recall": 0.7550505050505051,
		"f1-score": 0.7806788511749347,
		"support": 396.0
	},
	"accuracy": 0.8756476683937824,
	"macro avg": {
		"precision": 0.8546147064495688,
		"recall": 0.8403524776561426,
		"f1-score": 0.8469509958354012,
		"support": 1351.0
	},
	"weighted avg": {
		"precision": 0.8738576290793811,
		"recall": 0.8756476683937824,
		"f1-score": 0.874372260724521,
		"support": 1351.0
	},
	"ROC-AUC": 0.9056401713469777
}