{
	"0": {
		"precision": 0.907070707070707,
		"recall": 0.9344432882414152,
		"f1-score": 0.920553562275756,
		"support": 961.0
	},
	"1": {
		"precision": 0.8254847645429363,
		"recall": 0.764102564102564,
		"f1-score": 0.7936085219707057,
		"support": 390.0
	},
	"accuracy": 0.8852701702442635,
	"macro avg": {
		"precision": 0.8662777358068217,
		"recall": 0.8492729261719896,
		"f1-score": 0.8570810421232309,
		"support": 1351.0
	},
	"weighted avg": {
		"precision": 0.8835188805823055,
		"recall": 0.8852701702442635,
		"f1-score": 0.8839076957184135,
		"support": 1351.0
	}
}