{
	"0": {
		"precision": 0.9083419155509783,
		"recall": 0.9177939646201873,
		"f1-score": 0.9130434782608695,
		"support": 961.0
	},
	"1": {
		"precision": 0.7921052631578948,
		"recall": 0.7717948717948718,
		"f1-score": 0.7818181818181819,
		"support": 390.0
	},
	"accuracy": 0.8756476683937824,
	"macro avg": {
		"precision": 0.8502235893544365,
		"recall": 0.8447944182075295,
		"f1-score": 0.8474308300395257,
		"support": 1351.0
	},
	"weighted avg": {
		"precision": 0.8747872934685931,
		"recall": 0.8756476683937824,
		"f1-score": 0.8751620085253786,
		"support": 1351.0
	}
}