{
	"0": {
		"precision": 0.8716577540106952,
		"recall": 0.8480749219562955,
		"f1-score": 0.859704641350211,
		"support": 961.0
	},
	"1": {
		"precision": 0.6490384615384616,
		"recall": 0.6923076923076923,
		"f1-score": 0.6699751861042184,
		"support": 390.0
	},
	"accuracy": 0.8031088082901554,
	"macro avg": {
		"precision": 0.7603481077745784,
		"recall": 0.7701913071319939,
		"f1-score": 0.7648399137272146,
		"support": 1351.0
	},
	"weighted avg": {
		"precision": 0.8073931173976893,
		"recall": 0.8031088082901554,
		"f1-score": 0.8049344803243508,
		"support": 1351.0
	}
}