{
	"0": {
		"precision": 0.969811320754717,
		"recall": 0.8022892819979188,
		"f1-score": 0.878132118451025,
		"support": 961.0
	},
	"1": {
		"precision": 0.658273381294964,
		"recall": 0.9384615384615385,
		"f1-score": 0.773784355179704,
		"support": 390.0
	},
	"accuracy": 0.84159881569208,
	"macro avg": {
		"precision": 0.8140423510248405,
		"recall": 0.8703754102297286,
		"f1-score": 0.8259582368153645,
		"support": 1351.0
	},
	"weighted avg": {
		"precision": 0.8798780887863205,
		"recall": 0.84159881569208,
		"f1-score": 0.8480095220958694,
		"support": 1351.0
	}
}