{
	"0": {
		"precision": 0.9030054644808743,
		"recall": 0.6878251821019771,
		"f1-score": 0.780862374483166,
		"support": 961.0
	},
	"1": {
		"precision": 0.5153473344103393,
		"recall": 0.8179487179487179,
		"f1-score": 0.6323092170465807,
		"support": 390.0
	},
	"accuracy": 0.7253886010362695,
	"macro avg": {
		"precision": 0.7091763994456068,
		"recall": 0.7528869500253474,
		"f1-score": 0.7065857957648733,
		"support": 1351.0
	},
	"weighted avg": {
		"precision": 0.791098232262141,
		"recall": 0.7253886010362695,
		"f1-score": 0.7379787835133154,
		"support": 1351.0
	}
}