{
	"0": {
		"precision": 0.9628610729023384,
		"recall": 0.7329842931937173,
		"f1-score": 0.8323424494649228,
		"support": 955.0
	},
	"1": {
		"precision": 0.5913461538461539,
		"recall": 0.9318181818181818,
		"f1-score": 0.7235294117647059,
		"support": 396.0
	},
	"accuracy": 0.7912657290895633,
	"macro avg": {
		"precision": 0.7771036133742462,
		"recall": 0.8324012375059495,
		"f1-score": 0.7779359306148144,
		"support": 1351.0
	},
	"weighted avg": {
		"precision": 0.8539640277903849,
		"recall": 0.7912657290895633,
		"f1-score": 0.8004475842322908,
		"support": 1351.0
	}
}