{
	"0": {
		"precision": 0.9726918075422627,
		"recall": 0.7783558792924038,
		"f1-score": 0.8647398843930636,
		"support": 961.0
	},
	"1": {
		"precision": 0.634020618556701,
		"recall": 0.9461538461538461,
		"f1-score": 0.7592592592592593,
		"support": 390.0
	},
	"accuracy": 0.8267949666913398,
	"macro avg": {
		"precision": 0.8033562130494818,
		"recall": 0.862254862723125,
		"f1-score": 0.8119995718261614,
		"support": 1351.0
	},
	"weighted avg": {
		"precision": 0.8749258832607165,
		"recall": 0.8267949666913398,
		"f1-score": 0.8342902590768655,
		"support": 1351.0
	}
}