{
	"0": {
		"precision": 0.9552429667519181,
		"recall": 0.7821989528795812,
		"f1-score": 0.8601036269430051,
		"support": 955.0
	},
	"1": {
		"precision": 0.6344463971880492,
		"recall": 0.9116161616161617,
		"f1-score": 0.7481865284974093,
		"support": 396.0
	},
	"accuracy": 0.8201332346410066,
	"macro avg": {
		"precision": 0.7948446819699837,
		"recall": 0.8469075572478715,
		"f1-score": 0.8041450777202073,
		"support": 1351.0
	},
	"weighted avg": {
		"precision": 0.8612122920314946,
		"recall": 0.8201332346410066,
		"f1-score": 0.8272989111884116,
		"support": 1351.0
	}
}