{
	"0": {
		"precision": 0.9498164014687882,
		"recall": 0.8074921956295525,
		"f1-score": 0.8728908886389202,
		"support": 961.0
	},
	"1": {
		"precision": 0.653558052434457,
		"recall": 0.8948717948717949,
		"f1-score": 0.7554112554112554,
		"support": 390.0
	},
	"accuracy": 0.8327165062916358,
	"macro avg": {
		"precision": 0.8016872269516226,
		"recall": 0.8511819952506737,
		"f1-score": 0.8141510720250877,
		"support": 1351.0
	},
	"weighted avg": {
		"precision": 0.8642940061146882,
		"recall": 0.8327165062916358,
		"f1-score": 0.8389774489951087,
		"support": 1351.0
	}
}