{
	"0": {
		"precision": 0.9513715710723192,
		"recall": 0.7989528795811518,
		"f1-score": 0.8685258964143426,
		"support": 955.0
	},
	"1": {
		"precision": 0.6502732240437158,
		"recall": 0.9015151515151515,
		"f1-score": 0.7555555555555555,
		"support": 396.0
	},
	"accuracy": 0.8290155440414507,
	"macro avg": {
		"precision": 0.8008223975580175,
		"recall": 0.8502340155481516,
		"f1-score": 0.8120407259849491,
		"support": 1351.0
	},
	"weighted avg": {
		"precision": 0.8631147646893976,
		"recall": 0.8290155440414507,
		"f1-score": 0.8354124582351571,
		"support": 1351.0
	},
	"ROC-AUC": 0.876579935480459
}