{
	"0": {
		"precision": 0.969735182849937,
		"recall": 0.8002081165452654,
		"f1-score": 0.8768529076396807,
		"support": 961.0
	},
	"1": {
		"precision": 0.6559139784946236,
		"recall": 0.9384615384615385,
		"f1-score": 0.7721518987341772,
		"support": 390.0
	},
	"accuracy": 0.8401184307920059,
	"macro avg": {
		"precision": 0.8128245806722803,
		"recall": 0.8693348275034019,
		"f1-score": 0.824502403186929,
		"support": 1351.0
	},
	"weighted avg": {
		"precision": 0.8791428292610604,
		"recall": 0.8401184307920059,
		"f1-score": 0.8466283380814672,
		"support": 1351.0
	}
}