{
	"0": {
		"precision": 0.9206896551724137,
		"recall": 0.8387434554973822,
		"f1-score": 0.8778082191780822,
		"support": 955.0
	},
	"1": {
		"precision": 0.6798336798336798,
		"recall": 0.8257575757575758,
		"f1-score": 0.7457240592930444,
		"support": 396.0
	},
	"accuracy": 0.8349370836417469,
	"macro avg": {
		"precision": 0.8002616675030467,
		"recall": 0.832250515627479,
		"f1-score": 0.8117661392355633,
		"support": 1351.0
	},
	"weighted avg": {
		"precision": 0.8500908644735695,
		"recall": 0.8349370836417469,
		"f1-score": 0.8390922108031933,
		"support": 1351.0
	}
}