{
	"0": {
		"precision": 0.8909313725490197,
		"recall": 0.7565036420395421,
		"f1-score": 0.8182329769274057,
		"support": 961.0
	},
	"1": {
		"precision": 0.5626168224299065,
		"recall": 0.7717948717948718,
		"f1-score": 0.6508108108108108,
		"support": 390.0
	},
	"accuracy": 0.7609178386380459,
	"macro avg": {
		"precision": 0.7267740974894631,
		"recall": 0.764149256917207,
		"f1-score": 0.7345218938691083,
		"support": 1351.0
	},
	"weighted avg": {
		"precision": 0.7961551515671882,
		"recall": 0.7609178386380459,
		"f1-score": 0.769902373829351,
		"support": 1351.0
	}
}