{
	"0": {
		"precision": 0.8857142857142857,
		"recall": 0.9089005235602095,
		"f1-score": 0.8971576227390181,
		"support": 955.0
	},
	"1": {
		"precision": 0.7654986522911051,
		"recall": 0.7171717171717171,
		"f1-score": 0.7405475880052151,
		"support": 396.0
	},
	"accuracy": 0.8527017024426351,
	"macro avg": {
		"precision": 0.8256064690026954,
		"recall": 0.8130361203659633,
		"f1-score": 0.8188526053721166,
		"support": 1351.0
	},
	"weighted avg": {
		"precision": 0.8504771348367286,
		"recall": 0.8527017024426351,
		"f1-score": 0.8512526828762601,
		"support": 1351.0
	}
}