{
	"0": {
		"precision": 0.9290780141843972,
		"recall": 0.8230366492146597,
		"f1-score": 0.8728484175458079,
		"support": 955.0
	},
	"1": {
		"precision": 0.6653465346534654,
		"recall": 0.8484848484848485,
		"f1-score": 0.7458379578246392,
		"support": 396.0
	},
	"accuracy": 0.8304959289415248,
	"macro avg": {
		"precision": 0.7972122744189313,
		"recall": 0.835760748849754,
		"f1-score": 0.8093431876852235,
		"support": 1351.0
	},
	"weighted avg": {
		"precision": 0.8517740423899863,
		"recall": 0.8304959289415248,
		"f1-score": 0.8356195929347178,
		"support": 1351.0
	}
}