{
	"0": {
		"precision": 0.9058341862845445,
		"recall": 0.9209157127991675,
		"f1-score": 0.913312693498452,
		"support": 961.0
	},
	"1": {
		"precision": 0.7967914438502673,
		"recall": 0.764102564102564,
		"f1-score": 0.7801047120418848,
		"support": 390.0
	},
	"accuracy": 0.8756476683937824,
	"macro avg": {
		"precision": 0.8513128150674059,
		"recall": 0.8425091384508658,
		"f1-score": 0.8467087027701684,
		"support": 1351.0
	},
	"weighted avg": {
		"precision": 0.8743562665588835,
		"recall": 0.8756476683937824,
		"f1-score": 0.8748588720565118,
		"support": 1351.0
	}
}