{
	"0": {
		"precision": 0.9597989949748744,
		"recall": 0.7950052029136316,
		"f1-score": 0.8696642003414912,
		"support": 961.0
	},
	"1": {
		"precision": 0.645045045045045,
		"recall": 0.9179487179487179,
		"f1-score": 0.7576719576719577,
		"support": 390.0
	},
	"accuracy": 0.8304959289415248,
	"macro avg": {
		"precision": 0.8024220200099597,
		"recall": 0.8564769604311748,
		"f1-score": 0.8136680790067244,
		"support": 1351.0
	},
	"weighted avg": {
		"precision": 0.8689373810054937,
		"recall": 0.8304959289415248,
		"f1-score": 0.8373348334716777,
		"support": 1351.0
	}
}