{
	"0": {
		"precision": 0.8631016042780749,
		"recall": 0.8450261780104712,
		"f1-score": 0.8539682539682539,
		"support": 955.0
	},
	"1": {
		"precision": 0.6442307692307693,
		"recall": 0.6767676767676768,
		"f1-score": 0.6600985221674877,
		"support": 396.0
	},
	"accuracy": 0.7957068837897854,
	"macro avg": {
		"precision": 0.7536661867544221,
		"recall": 0.760896927389074,
		"f1-score": 0.7570333880678708,
		"support": 1351.0
	},
	"weighted avg": {
		"precision": 0.7989470145824916,
		"recall": 0.7957068837897854,
		"f1-score": 0.7971418929074816,
		"support": 1351.0
	},
	"ROC-AUC": 0.8130466973398909
}