{
	"0": {
		"precision": 0.9535809018567639,
		"recall": 0.7528795811518325,
		"f1-score": 0.8414277355178467,
		"support": 955.0
	},
	"1": {
		"precision": 0.6046901172529313,
		"recall": 0.9116161616161617,
		"f1-score": 0.7270896273917422,
		"support": 396.0
	},
	"accuracy": 0.7994078460399704,
	"macro avg": {
		"precision": 0.7791355095548476,
		"recall": 0.8322478713839971,
		"f1-score": 0.7842586814547945,
		"support": 1351.0
	},
	"weighted avg": {
		"precision": 0.8513153572948707,
		"recall": 0.7994078460399704,
		"f1-score": 0.8079133825808095,
		"support": 1351.0
	}
}