{
	"0": {
		"precision": 0.8920245398773006,
		"recall": 0.7612565445026178,
		"f1-score": 0.8214689265536723,
		"support": 955.0
	},
	"1": {
		"precision": 0.5746268656716418,
		"recall": 0.7777777777777778,
		"f1-score": 0.6609442060085837,
		"support": 396.0
	},
	"accuracy": 0.7660991857883049,
	"macro avg": {
		"precision": 0.7333257027744712,
		"recall": 0.7695171611401979,
		"f1-score": 0.741206566281128,
		"support": 1351.0
	},
	"weighted avg": {
		"precision": 0.7989901364831918,
		"recall": 0.7660991857883049,
		"f1-score": 0.7744165288217293,
		"support": 1351.0
	}
}