{
	"0": {
		"precision": 0.8799171842650103,
		"recall": 0.8900523560209425,
		"f1-score": 0.8849557522123894,
		"support": 955.0
	},
	"1": {
		"precision": 0.7272727272727273,
		"recall": 0.7070707070707071,
		"f1-score": 0.7170294494238156,
		"support": 396.0
	},
	"accuracy": 0.8364174685418209,
	"macro avg": {
		"precision": 0.8035949557688689,
		"recall": 0.7985615315458248,
		"f1-score": 0.8009926008181025,
		"support": 1351.0
	},
	"weighted avg": {
		"precision": 0.8351746195211583,
		"recall": 0.8364174685418209,
		"f1-score": 0.8357338307436439,
		"support": 1351.0
	}
}