{
	"0": {
		"precision": 0.8851282051282051,
		"recall": 0.9036649214659686,
		"f1-score": 0.894300518134715,
		"support": 955.0
	},
	"1": {
		"precision": 0.7553191489361702,
		"recall": 0.7171717171717171,
		"f1-score": 0.7357512953367875,
		"support": 396.0
	},
	"accuracy": 0.8490007401924501,
	"macro avg": {
		"precision": 0.8202236770321877,
		"recall": 0.8104183193188428,
		"f1-score": 0.8150259067357513,
		"support": 1351.0
	},
	"weighted avg": {
		"precision": 0.8470790665256545,
		"recall": 0.8490007401924501,
		"f1-score": 0.8478271708157074,
		"support": 1351.0
	}
}