{
	"0": {
		"precision": 0.9467312348668281,
		"recall": 0.813735691987513,
		"f1-score": 0.8752098489087857,
		"support": 961.0
	},
	"1": {
		"precision": 0.659047619047619,
		"recall": 0.8871794871794871,
		"f1-score": 0.7562841530054645,
		"support": 390.0
	},
	"accuracy": 0.8349370836417469,
	"macro avg": {
		"precision": 0.8028894269572235,
		"recall": 0.8504575895835,
		"f1-score": 0.815747000957125,
		"support": 1351.0
	},
	"weighted avg": {
		"precision": 0.8636841510996248,
		"recall": 0.8349370836417469,
		"f1-score": 0.8408789670418019,
		"support": 1351.0
	}
}