{
	"0": {
		"precision": 0.9061855670103093,
		"recall": 0.9146722164412071,
		"f1-score": 0.9104091144484723,
		"support": 961.0
	},
	"1": {
		"precision": 0.7847769028871391,
		"recall": 0.7666666666666667,
		"f1-score": 0.7756160830090791,
		"support": 390.0
	},
	"accuracy": 0.8719467061435974,
	"macro avg": {
		"precision": 0.8454812349487242,
		"recall": 0.8406694415539369,
		"f1-score": 0.8430125987287758,
		"support": 1351.0
	},
	"weighted avg": {
		"precision": 0.8711379141546199,
		"recall": 0.8719467061435974,
		"f1-score": 0.8714977286147467,
		"support": 1351.0
	}
}