{
	"0": {
		"precision": 0.9377880184331797,
		"recall": 0.8523560209424084,
		"f1-score": 0.8930334613274822,
		"support": 955.0
	},
	"1": {
		"precision": 0.7080745341614907,
		"recall": 0.8636363636363636,
		"f1-score": 0.7781569965870307,
		"support": 396.0
	},
	"accuracy": 0.8556624722427831,
	"macro avg": {
		"precision": 0.8229312762973352,
		"recall": 0.857996192289386,
		"f1-score": 0.8355952289572565,
		"support": 1351.0
	},
	"weighted avg": {
		"precision": 0.8704552724882583,
		"recall": 0.8556624722427831,
		"f1-score": 0.8593613073399035,
		"support": 1351.0
	}
}