{
	"0": {
		"precision": 0.8939828080229226,
		"recall": 0.6534031413612565,
		"f1-score": 0.7549909255898367,
		"support": 955.0
	},
	"1": {
		"precision": 0.49310872894333846,
		"recall": 0.8131313131313131,
		"f1-score": 0.6139180171591992,
		"support": 396.0
	},
	"accuracy": 0.7002220577350111,
	"macro avg": {
		"precision": 0.6935457684831305,
		"recall": 0.7332672272462848,
		"f1-score": 0.684454471374518,
		"support": 1351.0
	},
	"weighted avg": {
		"precision": 0.7764801171898246,
		"recall": 0.7002220577350111,
		"f1-score": 0.713640169306689,
		"support": 1351.0
	},
	"ROC-AUC": 0.8098709609180812
}