{
	"0": {
		"precision": 0.9397590361445783,
		"recall": 0.8984293193717278,
		"f1-score": 0.9186295503211992,
		"support": 955.0
	},
	"1": {
		"precision": 0.7785388127853882,
		"recall": 0.8611111111111112,
		"f1-score": 0.8177458033573142,
		"support": 396.0
	},
	"accuracy": 0.8874907475943745,
	"macro avg": {
		"precision": 0.8591489244649833,
		"recall": 0.8797702152414195,
		"f1-score": 0.8681876768392567,
		"support": 1351.0
	},
	"weighted avg": {
		"precision": 0.8925027752635721,
		"recall": 0.8874907475943745,
		"f1-score": 0.8890588887388909,
		"support": 1351.0
	}
}