{
	"0": {
		"precision": 0.9135802469135802,
		"recall": 0.9298429319371728,
		"f1-score": 0.9216398546964193,
		"support": 955.0
	},
	"1": {
		"precision": 0.8232189973614775,
		"recall": 0.7878787878787878,
		"f1-score": 0.8051612903225807,
		"support": 396.0
	},
	"accuracy": 0.8882309400444115,
	"macro avg": {
		"precision": 0.8683996221375289,
		"recall": 0.8588608599079803,
		"f1-score": 0.8634005725095,
		"support": 1351.0
	},
	"weighted avg": {
		"precision": 0.8870938998946071,
		"recall": 0.8882309400444115,
		"f1-score": 0.8874980993359158,
		"support": 1351.0
	},
	"ROC-AUC": 0.9466233010735629
}