{
	"0": {
		"precision": 0.9665871121718377,
		"recall": 0.8428720083246618,
		"f1-score": 0.9005002779321846,
		"support": 961.0
	},
	"1": {
		"precision": 0.7056530214424951,
		"recall": 0.9282051282051282,
		"f1-score": 0.8017718715393134,
		"support": 390.0
	},
	"accuracy": 0.8675055514433753,
	"macro avg": {
		"precision": 0.8361200668071664,
		"recall": 0.8855385682648951,
		"f1-score": 0.851136074735749,
		"support": 1351.0
	},
	"weighted avg": {
		"precision": 0.8912619490449364,
		"recall": 0.8675055514433753,
		"f1-score": 0.8719998497358709,
		"support": 1351.0
	}
}