{
	"0": {
		"precision": 0.9621802002224694,
		"recall": 0.9001040582726326,
		"f1-score": 0.9301075268817204,
		"support": 961.0
	},
	"1": {
		"precision": 0.7876106194690266,
		"recall": 0.9128205128205128,
		"f1-score": 0.8456057007125891,
		"support": 390.0
	},
	"accuracy": 0.9037749814951888,
	"macro avg": {
		"precision": 0.874895409845748,
		"recall": 0.9064622855465727,
		"f1-score": 0.8878566137971547,
		"support": 1351.0
	},
	"weighted avg": {
		"precision": 0.9117863168073378,
		"recall": 0.9037749814951888,
		"f1-score": 0.9057139575212754,
		"support": 1351.0
	}
}