{
	"0": {
		"precision": 0.9429175475687104,
		"recall": 0.9281997918834547,
		"f1-score": 0.9355007865757735,
		"support": 961.0
	},
	"1": {
		"precision": 0.8296296296296296,
		"recall": 0.8615384615384616,
		"f1-score": 0.8452830188679246,
		"support": 390.0
	},
	"accuracy": 0.9089563286454478,
	"macro avg": {
		"precision": 0.8862735885991699,
		"recall": 0.8948691267109581,
		"f1-score": 0.890391902721849,
		"support": 1351.0
	},
	"weighted avg": {
		"precision": 0.9102141515685316,
		"recall": 0.9089563286454478,
		"f1-score": 0.909457167474322,
		"support": 1351.0
	}
}