{
	"0": {
		"precision": 0.9444444444444444,
		"recall": 0.8544502617801047,
		"f1-score": 0.897196261682243,
		"support": 955.0
	},
	"1": {
		"precision": 0.7145790554414785,
		"recall": 0.8787878787878788,
		"f1-score": 0.7882219705549264,
		"support": 396.0
	},
	"accuracy": 0.8615840118430792,
	"macro avg": {
		"precision": 0.8295117499429614,
		"recall": 0.8666190702839918,
		"f1-score": 0.8427091161185847,
		"support": 1351.0
	},
	"weighted avg": {
		"precision": 0.8770671727603775,
		"recall": 0.8615840118430792,
		"f1-score": 0.8652541304561754,
		"support": 1351.0
	}
}