{
	"0": {
		"precision": 0.9079627714581179,
		"recall": 0.9193717277486911,
		"f1-score": 0.9136316337148803,
		"support": 955.0
	},
	"1": {
		"precision": 0.7994791666666666,
		"recall": 0.7752525252525253,
		"f1-score": 0.7871794871794872,
		"support": 396.0
	},
	"accuracy": 0.8771280532938565,
	"macro avg": {
		"precision": 0.8537209690623923,
		"recall": 0.8473121265006083,
		"f1-score": 0.8504055604471837,
		"support": 1351.0
	},
	"weighted avg": {
		"precision": 0.8761644683512233,
		"recall": 0.8771280532938565,
		"f1-score": 0.8765664597489174,
		"support": 1351.0
	}
}