{
	"0": {
		"precision": 0.9389830508474576,
		"recall": 0.8701570680628272,
		"f1-score": 0.9032608695652173,
		"support": 955.0
	},
	"1": {
		"precision": 0.7339055793991416,
		"recall": 0.8636363636363636,
		"f1-score": 0.7935034802784223,
		"support": 396.0
	},
	"accuracy": 0.8682457438934122,
	"macro avg": {
		"precision": 0.8364443151232996,
		"recall": 0.8668967158495955,
		"f1-score": 0.8483821749218199,
		"support": 1351.0
	},
	"weighted avg": {
		"precision": 0.8788715196161229,
		"recall": 0.8682457438934122,
		"f1-score": 0.8710891995744172,
		"support": 1351.0
	}
}