{
	"0": {
		"precision": 0.9473067915690867,
		"recall": 0.8471204188481676,
		"f1-score": 0.8944168048645661,
		"support": 955.0
	},
	"1": {
		"precision": 0.7062374245472837,
		"recall": 0.8863636363636364,
		"f1-score": 0.786114221724524,
		"support": 396.0
	},
	"accuracy": 0.8586232420429312,
	"macro avg": {
		"precision": 0.8267721080581851,
		"recall": 0.8667420276059019,
		"f1-score": 0.8402655132945451,
		"support": 1351.0
	},
	"weighted avg": {
		"precision": 0.87664545230881,
		"recall": 0.8586232420429312,
		"f1-score": 0.8626715621380993,
		"support": 1351.0
	}
}